time,	Load0,	Load1,	Load2,	Load3,	Load4,	Load5,	Load6
2020032314.21.48.18,	0,	0,	0,	0,	0,	0,	0
2020032314.21.53.18,	0,	0,	0,	0,	0,	0,	0
2020032314.21.58.18,	0,	0,	0,	0,	0,	0,	0
2020032314.22.03.18,	0,	0,	0,	0,	0,	0,	0
2020032314.22.08.18,	0,	0,	0,	0,	0,	0,	0
2020032314.22.13.18,	0,	0,	0,	0,	0,	0,	0
2020032314.22.18.18,	0,	0,	0,	0,	0,	0,	0
2020032314.22.23.18,	0,	0,	0,	0,	0,	0,	0
2020032314.22.28.18,	0,	0,	0,	0,	0,	0,	0
2020032314.22.33.18,	0,	0,	0,	0,	0,	0,	0
2020032314.22.38.18,	0,	0,	0,	0,	0,	0,	0
2020032314.22.43.18,	0,	0,	0,	0,	0,	0,	0
2020032314.22.48.18,	0,	0,	0,	0,	0,	0,	0
2020032314.22.53.18,	0,	0,	0,	0,	0,	0,	0
2020032314.22.58.19,	0,	0,	0,	0,	0,	0,	0
2020032314.23.03.19,	0,	0,	0,	0,	0,	0,	0
2020032314.23.08.19,	0,	0,	0,	0,	0,	0,	0
2020032314.23.13.19,	0,	0,	0,	0,	0,	0,	0
2020032314.23.18.19,	0,	0,	0,	0,	0,	0,	0
2020032314.23.23.19,	0,	0,	0,	0,	0,	0,	0
2020032314.23.28.19,	0,	0,	0,	0,	0,	0,	0
2020032314.23.33.19,	0,	0,	0,	0,	0,	0,	0
2020032314.23.38.19,	0,	0,	0,	0,	0,	0,	0
2020032314.23.43.19,	0,	0,	0,	0,	0,	0,	0
2020032314.23.48.19,	0,	0,	0,	0,	0,	0,	0
2020032314.23.53.19,	0,	0,	0,	0,	0,	0,	0
2020032314.23.58.19,	0,	0,	0,	0,	0,	0,	0
2020032314.24.03.19,	0,	0,	0,	0,	0,	0,	0
2020032314.24.08.19,	0,	0,	0,	0,	0,	0,	0
2020032314.24.13.19,	0,	0,	0,	0,	0,	0,	0
2020032314.24.18.19,	0,	0,	0,	0,	0,	0,	0
2020032314.24.23.19,	0,	0,	0,	0,	0,	0,	0
2020032314.24.28.19,	0,	0,	0,	0,	0,	0,	0
2020032314.24.33.19,	0,	0,	0,	0,	0,	0,	0
2020032314.24.38.19,	0,	0,	0,	0,	0,	0,	0
2020032314.24.43.19,	0,	0,	0,	0,	0,	0,	0
2020032314.24.48.20,	0,	0,	0,	0,	0,	0,	0
2020032314.24.53.20,	0,	0,	0,	0,	0,	0,	0
2020032314.24.58.20,	1,	1,	1,	1,	1,	1,	1
2020032314.25.03.20,	1,	1,	1,	1,	1,	1,	1
2020032314.25.08.20,	1,	1,	1,	1,	1,	1,	1
2020032314.25.13.20,	1,	1,	1,	1,	1,	1,	1
2020032314.25.18.20,	1,	1,	1,	1,	1,	1,	1
2020032314.25.23.20,	1,	1,	1,	1,	1,	1,	1
2020032314.25.28.20,	1,	1,	1,	1,	1,	1,	1
2020032314.25.33.20,	1,	1,	1,	1,	1,	1,	1
2020032314.25.38.20,	1,	1,	1,	1,	1,	1,	1
2020032314.25.43.20,	1,	1,	1,	1,	1,	1,	1
2020032314.25.48.20,	1,	1,	1,	1,	1,	1,	1
2020032314.25.53.20,	1,	1,	1,	1,	0,	1,	1
2020032314.25.58.20,	1,	1,	1,	1,	0,	1,	1
2020032314.26.03.20,	0,	0,	0,	1,	0,	0,	0
2020032314.26.08.20,	0,	0,	0,	0,	0,	0,	0
2020032314.26.13.20,	0,	0,	0,	0,	0,	0,	0
2020032314.26.18.20,	0,	0,	0,	0,	0,	0,	0
2020032314.26.23.20,	0,	0,	0,	0,	0,	0,	0
2020032314.26.28.20,	0,	0,	0,	0,	0,	0,	0
2020032314.26.33.20,	0,	0,	0,	0,	0,	0,	0
2020032314.26.38.20,	0,	0,	0,	0,	0,	0,	0
2020032314.26.43.20,	0,	0,	0,	0,	0,	0,	0
2020032314.26.48.20,	0,	0,	0,	0,	0,	0,	0
2020032314.26.53.20,	0,	0,	0,	0,	0,	0,	0
2020032314.26.58.20,	0,	0,	0,	0,	0,	0,	0
2020032314.27.03.20,	0,	0,	0,	0,	0,	0,	0
2020032314.27.08.20,	0,	0,	0,	0,	0,	0,	0
2020032314.27.13.20,	0,	0,	0,	0,	0,	0,	0
2020032314.27.18.20,	0,	0,	0,	0,	0,	0,	0
2020032314.27.23.20,	0,	0,	0,	0,	0,	0,	0
2020032314.27.28.20,	0,	0,	0,	0,	0,	0,	0
2020032314.27.33.20,	0,	0,	0,	0,	0,	0,	0
2020032314.27.38.21,	0,	0,	0,	0,	0,	0,	0
2020032314.27.43.21,	0,	0,	0,	0,	0,	0,	0
2020032314.27.48.21,	0,	0,	0,	0,	0,	0,	0
2020032314.27.53.21,	0,	0,	0,	0,	0,	0,	0
2020032314.27.58.21,	0,	0,	0,	0,	0,	0,	0
2020032314.28.03.21,	0,	0,	0,	0,	0,	0,	0
2020032314.28.08.21,	0,	0,	0,	0,	0,	0,	0
2020032314.28.13.21,	0,	0,	0,	0,	0,	0,	0
2020032314.28.18.21,	0,	0,	0,	0,	0,	0,	0
2020032314.28.23.21,	0,	0,	0,	0,	0,	0,	0
2020032314.28.28.21,	0,	0,	0,	0,	0,	0,	0
2020032314.28.33.21,	0,	0,	0,	0,	0,	0,	0
2020032314.28.38.21,	0,	0,	0,	0,	0,	0,	0
2020032314.28.43.21,	0,	0,	0,	0,	0,	0,	0
2020032314.28.48.21,	0,	0,	0,	0,	0,	0,	0
2020032314.28.53.21,	0,	0,	0,	0,	0,	0,	0
2020032314.28.58.21,	0,	0,	0,	0,	0,	0,	0
2020032314.29.03.21,	0,	0,	0,	0,	0,	0,	0
2020032314.29.08.21,	0,	0,	0,	0,	0,	0,	0
2020032314.29.13.21,	0,	0,	0,	0,	0,	0,	0
2020032314.29.18.21,	0,	0,	0,	0,	0,	0,	0
2020032314.29.23.21,	0,	0,	0,	0,	0,	0,	0
2020032314.29.28.21,	1,	1,	1,	1,	1,	1,	1
2020032314.29.33.21,	1,	1,	1,	1,	1,	1,	1
2020032314.29.38.21,	1,	1,	1,	1,	1,	1,	1
2020032314.29.43.21,	1,	1,	1,	1,	1,	1,	1
2020032314.29.48.21,	1,	1,	1,	1,	1,	1,	1
2020032314.29.53.21,	1,	1,	1,	1,	1,	1,	1
2020032314.29.58.21,	1,	1,	1,	1,	1,	1,	1
2020032314.30.03.21,	1,	1,	1,	1,	1,	1,	1
2020032314.30.08.21,	1,	1,	1,	1,	1,	1,	1
2020032314.30.13.21,	1,	1,	1,	1,	1,	1,	1
2020032314.30.18.21,	1,	1,	1,	1,	1,	1,	1
2020032314.30.23.21,	1,	1,	1,	1,	1,	1,	1
2020032314.30.28.22,	1,	1,	1,	1,	1,	1,	1
2020032314.30.33.21,	1,	1,	1,	1,	1,	1,	1
2020032314.30.38.22,	1,	1,	1,	1,	1,	1,	1
2020032314.30.43.22,	1,	1,	1,	1,	1,	1,	1
2020032314.30.48.21,	1,	1,	1,	1,	1,	1,	1
2020032314.30.53.21,	1,	1,	1,	1,	1,	1,	1
2020032314.30.58.21,	1,	1,	1,	1,	1,	1,	1
2020032314.31.03.21,	1,	1,	1,	1,	1,	1,	1
2020032314.31.08.21,	1,	1,	1,	1,	1,	1,	1
2020032314.31.13.21,	1,	1,	1,	1,	1,	1,	1
2020032314.31.18.21,	1,	1,	1,	1,	1,	1,	1
2020032314.31.23.21,	1,	1,	1,	1,	1,	1,	1
2020032314.31.28.21,	1,	1,	1,	1,	1,	1,	1
2020032314.31.33.21,	1,	1,	1,	1,	1,	1,	1
2020032314.31.38.21,	1,	1,	1,	1,	1,	1,	1
2020032314.31.43.22,	1,	1,	1,	1,	1,	1,	1
2020032314.31.48.22,	1,	1,	1,	1,	1,	1,	1
2020032314.31.53.22,	1,	1,	1,	1,	1,	1,	1
2020032314.31.58.22,	1,	1,	1,	1,	1,	1,	1
2020032314.32.03.22,	1,	1,	1,	1,	1,	1,	1
2020032314.32.08.22,	1,	1,	1,	1,	1,	1,	1
2020032314.32.13.22,	1,	1,	1,	1,	1,	1,	1
2020032314.32.18.22,	1,	1,	1,	1,	1,	1,	1
2020032314.32.23.22,	1,	1,	1,	1,	0,	1,	1
2020032314.32.28.22,	0,	1,	0,	1,	1,	1,	0
2020032314.32.33.22,	1,	1,	1,	1,	1,	1,	1
2020032314.32.38.22,	1,	1,	1,	1,	1,	1,	1
2020032314.32.43.22,	1,	1,	1,	1,	1,	1,	1
2020032314.32.48.22,	1,	1,	1,	1,	1,	1,	1
2020032314.32.53.22,	1,	1,	1,	1,	1,	1,	1
2020032314.32.58.22,	1,	1,	1,	1,	1,	1,	1
2020032314.33.03.22,	1,	1,	1,	1,	1,	1,	1
2020032314.33.08.23,	1,	1,	1,	1,	1,	1,	1
2020032314.33.13.23,	1,	1,	1,	1,	1,	1,	1
2020032314.33.18.23,	1,	1,	1,	1,	1,	1,	1
2020032314.33.23.23,	1,	1,	1,	1,	1,	1,	1
2020032314.33.28.23,	1,	1,	1,	1,	1,	1,	1
2020032314.33.33.23,	1,	1,	1,	1,	1,	1,	1
2020032314.33.38.23,	1,	1,	1,	1,	0,	1,	1
2020032314.33.43.23,	1,	1,	0,	1,	0,	1,	0
2020032314.33.48.23,	0,	0,	0,	0,	0,	0,	0
2020032314.33.53.23,	0,	0,	0,	0,	0,	0,	0
2020032314.33.58.23,	0,	0,	0,	0,	0,	0,	0
2020032314.34.03.23,	0,	0,	0,	0,	0,	0,	0
2020032314.34.08.23,	0,	0,	0,	0,	0,	0,	0
2020032314.34.13.23,	0,	0,	0,	0,	0,	0,	0
2020032314.34.18.23,	0,	0,	0,	0,	0,	0,	0
2020032314.34.23.23,	0,	0,	0,	0,	0,	0,	0
2020032314.34.28.23,	0,	0,	0,	0,	0,	0,	0
2020032314.34.33.23,	0,	0,	0,	0,	0,	0,	0
2020032314.34.38.23,	0,	0,	0,	0,	0,	0,	0
2020032314.34.43.23,	0,	0,	0,	0,	0,	0,	0
2020032314.34.48.23,	0,	0,	0,	0,	0,	0,	0
2020032314.34.53.23,	0,	0,	0,	0,	0,	0,	0
2020032314.34.58.23,	0,	0,	0,	0,	0,	0,	0
2020032314.35.03.23,	0,	0,	0,	0,	0,	0,	0
2020032314.35.08.23,	0,	0,	0,	0,	0,	0,	0
2020032314.35.13.23,	0,	0,	0,	0,	0,	0,	0
2020032314.35.18.23,	0,	0,	0,	0,	0,	0,	0
2020032314.35.23.23,	0,	0,	0,	0,	0,	0,	0
2020032314.35.28.24,	0,	0,	0,	0,	0,	0,	0
2020032314.35.33.24,	0,	0,	0,	0,	0,	0,	0
2020032314.35.38.24,	0,	0,	0,	0,	0,	0,	0
2020032314.35.43.24,	0,	0,	0,	0,	0,	0,	0
2020032314.35.48.24,	0,	0,	0,	0,	0,	0,	0
2020032314.35.53.24,	0,	0,	0,	0,	0,	0,	0
2020032314.35.58.24,	0,	0,	0,	0,	0,	0,	0
2020032314.36.03.24,	0,	0,	0,	0,	0,	0,	0
2020032314.36.08.24,	0,	0,	0,	0,	0,	0,	0
2020032314.36.13.24,	0,	0,	0,	0,	0,	0,	0
2020032314.36.18.24,	0,	0,	0,	0,	0,	0,	0
2020032314.36.23.24,	0,	0,	0,	0,	0,	0,	0
2020032314.36.28.24,	0,	0,	0,	0,	0,	0,	0
2020032314.36.33.24,	0,	0,	0,	0,	0,	0,	0
2020032314.36.38.24,	0,	0,	0,	0,	0,	0,	0
2020032314.36.43.24,	0,	0,	0,	0,	0,	0,	0
2020032314.36.48.24,	0,	0,	0,	0,	0,	0,	0
2020032314.36.53.25,	0,	0,	0,	0,	0,	0,	0
2020032314.36.58.25,	0,	0,	0,	0,	0,	0,	0
2020032314.37.03.24,	0,	0,	0,	0,	0,	0,	0
2020032314.37.08.25,	0,	0,	0,	0,	0,	0,	0
2020032314.37.13.24,	0,	0,	0,	0,	0,	0,	0
2020032314.37.18.25,	0,	0,	0,	0,	0,	0,	0
2020032314.37.23.25,	0,	0,	0,	0,	0,	0,	0
2020032314.37.28.25,	0,	0,	0,	0,	0,	0,	0
2020032314.37.33.25,	0,	0,	0,	0,	0,	0,	0
2020032314.37.38.25,	0,	0,	0,	0,	0,	0,	0
2020032314.37.43.25,	0,	0,	0,	0,	0,	0,	0
2020032314.37.48.25,	0,	0,	0,	0,	0,	0,	0
2020032314.37.53.25,	0,	0,	0,	0,	0,	0,	0
2020032314.37.58.25,	0,	0,	0,	0,	0,	0,	0
2020032314.38.03.25,	0,	0,	0,	0,	0,	0,	0
2020032314.38.08.25,	0,	0,	0,	0,	0,	0,	0
2020032314.38.13.25,	0,	0,	0,	0,	0,	0,	0
2020032314.38.18.25,	0,	0,	0,	0,	0,	0,	0
2020032314.38.23.25,	0,	0,	0,	0,	0,	0,	0
2020032314.38.28.25,	0,	0,	0,	0,	0,	0,	0
2020032314.38.33.25,	0,	0,	0,	0,	0,	0,	0
2020032314.38.38.25,	0,	0,	0,	0,	0,	0,	0
2020032314.38.43.25,	0,	0,	0,	1,	0,	0,	0
2020032314.38.48.26,	1,	1,	1,	1,	1,	1,	1
2020032314.38.53.26,	1,	1,	1,	1,	1,	1,	1
2020032314.38.58.26,	1,	1,	1,	1,	1,	1,	1
2020032314.39.03.26,	1,	1,	1,	1,	1,	1,	1
2020032314.39.08.26,	1,	1,	1,	1,	1,	1,	1
2020032314.39.13.26,	1,	1,	1,	1,	1,	1,	1
2020032314.39.18.26,	1,	1,	1,	1,	1,	1,	1
2020032314.39.23.26,	1,	1,	1,	1,	1,	1,	1
2020032314.39.28.26,	1,	1,	1,	1,	1,	1,	1
2020032314.39.33.26,	1,	1,	1,	1,	1,	1,	1
2020032314.39.38.26,	1,	1,	1,	1,	1,	1,	1
2020032314.39.43.26,	1,	1,	1,	1,	1,	1,	1
2020032314.39.48.26,	1,	1,	1,	1,	1,	1,	1
2020032314.39.53.26,	1,	1,	1,	1,	1,	1,	1
2020032314.39.58.26,	1,	1,	1,	1,	1,	1,	1
2020032314.40.03.26,	1,	1,	1,	1,	1,	1,	1
2020032314.40.08.26,	1,	1,	1,	1,	1,	1,	1
2020032314.40.13.26,	1,	1,	1,	1,	1,	1,	1
2020032314.40.18.26,	1,	1,	1,	1,	1,	1,	1
2020032314.40.23.26,	1,	1,	1,	1,	1,	1,	1
2020032314.40.28.26,	1,	1,	1,	1,	1,	1,	1
2020032314.40.33.26,	1,	1,	1,	1,	1,	1,	1
2020032314.40.38.26,	1,	1,	1,	1,	1,	1,	1
2020032314.40.43.26,	1,	1,	1,	1,	1,	1,	1
2020032314.40.48.26,	1,	1,	1,	1,	1,	1,	1
2020032314.40.53.26,	1,	1,	1,	1,	1,	1,	1
2020032314.40.58.26,	1,	1,	1,	1,	1,	1,	1
2020032314.41.03.26,	1,	1,	1,	1,	1,	1,	1
2020032314.41.08.26,	1,	1,	1,	1,	1,	1,	1
2020032314.41.13.26,	1,	1,	1,	1,	1,	1,	1
2020032314.41.18.26,	1,	1,	1,	1,	1,	1,	1
2020032314.41.23.26,	1,	1,	1,	1,	1,	1,	1
2020032314.41.28.26,	1,	1,	1,	1,	1,	1,	1
2020032314.41.33.26,	1,	1,	1,	1,	1,	1,	1
2020032314.41.38.26,	1,	1,	1,	1,	0,	1,	1
2020032314.41.43.27,	1,	1,	1,	1,	0,	1,	0
2020032314.41.48.27,	0,	0,	0,	0,	0,	0,	0
2020032314.41.53.27,	1,	1,	1,	1,	1,	1,	1
2020032314.41.58.27,	1,	1,	1,	1,	1,	1,	1
2020032314.42.03.27,	1,	1,	1,	1,	1,	1,	1
2020032314.42.08.27,	1,	1,	1,	1,	1,	1,	1
2020032314.42.13.27,	1,	1,	1,	1,	1,	1,	1
2020032314.42.18.27,	1,	1,	1,	1,	1,	1,	1
2020032314.42.23.27,	1,	1,	1,	1,	1,	1,	1
2020032314.42.28.27,	1,	1,	1,	1,	1,	1,	1
2020032314.42.33.27,	1,	1,	1,	1,	1,	1,	1
2020032314.42.38.27,	1,	1,	1,	1,	1,	1,	1
2020032314.42.43.27,	1,	1,	1,	1,	1,	1,	1
2020032314.42.48.27,	1,	1,	1,	1,	0,	1,	1
2020032314.42.53.27,	1,	1,	1,	1,	1,	1,	1
2020032314.42.58.27,	1,	1,	1,	1,	1,	1,	1
2020032314.43.03.27,	1,	1,	1,	1,	1,	1,	1
2020032314.43.08.27,	1,	1,	1,	1,	1,	1,	1
2020032314.43.13.27,	1,	1,	1,	1,	1,	1,	1
2020032314.43.18.27,	1,	1,	1,	1,	1,	1,	1
2020032314.43.23.27,	1,	1,	1,	1,	1,	1,	1
2020032314.43.28.27,	1,	1,	1,	1,	1,	1,	1
2020032314.43.33.27,	1,	1,	1,	1,	1,	1,	1
2020032314.43.38.27,	1,	1,	1,	1,	1,	1,	1
2020032314.43.43.27,	1,	1,	1,	1,	1,	1,	1
2020032314.43.48.27,	1,	1,	1,	1,	1,	1,	1
2020032314.43.53.27,	1,	1,	1,	1,	1,	1,	1
2020032314.43.58.28,	1,	1,	1,	1,	1,	1,	1
2020032314.44.03.28,	1,	1,	1,	1,	1,	1,	1
2020032314.44.08.27,	1,	1,	1,	1,	1,	1,	1
2020032314.44.13.28,	1,	1,	1,	1,	0,	1,	1
2020032314.44.18.28,	1,	1,	1,	1,	0,	0,	1
2020032314.44.23.28,	0,	0,	0,	0,	0,	0,	0
2020032314.44.28.28,	0,	0,	0,	0,	0,	0,	0
2020032314.44.33.28,	0,	0,	0,	0,	0,	0,	0
2020032314.44.38.28,	0,	0,	0,	0,	0,	0,	0
2020032314.44.43.28,	0,	0,	0,	0,	0,	0,	0
2020032314.44.48.28,	0,	0,	0,	0,	0,	0,	0
2020032314.44.53.28,	0,	0,	0,	0,	0,	0,	0
2020032314.44.58.28,	0,	0,	0,	0,	0,	0,	0
2020032314.45.03.28,	0,	0,	0,	0,	0,	0,	0
2020032314.45.08.28,	0,	0,	0,	0,	0,	0,	0
2020032314.45.13.28,	0,	0,	0,	0,	0,	0,	0
2020032314.45.18.28,	0,	0,	0,	0,	0,	0,	0
2020032314.45.23.28,	0,	0,	0,	0,	0,	0,	0
2020032314.45.28.28,	0,	0,	0,	0,	0,	0,	0
2020032314.45.33.28,	0,	0,	0,	0,	0,	0,	0
2020032314.45.38.28,	0,	0,	0,	1,	0,	0,	0
2020032314.45.43.28,	1,	1,	1,	1,	1,	1,	1
2020032314.45.48.28,	1,	1,	1,	1,	1,	1,	1
2020032314.45.53.28,	1,	1,	1,	1,	1,	1,	1
2020032314.45.58.28,	1,	1,	1,	1,	1,	1,	1
2020032314.46.03.28,	1,	1,	1,	1,	1,	1,	1
2020032314.46.08.28,	1,	1,	1,	1,	1,	1,	1
2020032314.46.13.28,	1,	1,	1,	1,	1,	1,	1
2020032314.46.18.28,	1,	1,	1,	1,	1,	1,	1
2020032314.46.23.28,	1,	1,	1,	1,	1,	1,	1
2020032314.46.28.28,	1,	1,	1,	1,	1,	1,	1
2020032314.46.33.28,	1,	1,	1,	1,	1,	1,	1
2020032314.46.38.28,	1,	1,	1,	1,	1,	1,	1
2020032314.46.43.28,	1,	1,	1,	1,	1,	1,	1
2020032314.46.48.28,	1,	1,	1,	1,	1,	1,	1
2020032314.46.53.28,	1,	1,	1,	1,	0,	1,	1
2020032314.46.58.28,	1,	1,	1,	1,	1,	1,	1
2020032314.47.03.28,	1,	1,	1,	1,	1,	1,	1
2020032314.47.08.29,	1,	1,	1,	1,	1,	1,	1
2020032314.47.13.29,	1,	1,	1,	1,	1,	1,	1
2020032314.47.18.29,	1,	1,	1,	1,	1,	1,	1
2020032314.47.23.29,	1,	1,	1,	1,	1,	1,	1
2020032314.47.28.29,	1,	1,	1,	1,	1,	1,	1
2020032314.47.33.29,	1,	1,	1,	1,	1,	1,	1
2020032314.47.38.29,	1,	1,	1,	1,	1,	1,	1
2020032314.47.43.29,	1,	1,	1,	1,	1,	1,	1
2020032314.47.48.29,	1,	1,	1,	1,	1,	1,	1
2020032314.47.53.29,	1,	1,	1,	1,	0,	0,	1
2020032314.47.58.29,	0,	0,	0,	0,	0,	0,	0
2020032314.48.03.29,	0,	0,	0,	0,	0,	0,	0
2020032314.48.08.29,	0,	0,	0,	0,	0,	0,	0
2020032314.48.13.29,	0,	0,	0,	0,	0,	0,	0
2020032314.48.18.29,	0,	0,	0,	0,	0,	0,	0
2020032314.48.23.29,	0,	0,	0,	0,	0,	0,	0
2020032314.48.28.29,	0,	0,	0,	0,	0,	0,	0
2020032314.48.33.29,	0,	0,	0,	0,	0,	0,	0
2020032314.48.38.29,	0,	0,	0,	0,	0,	0,	0
2020032314.48.43.29,	0,	0,	0,	0,	0,	0,	0
2020032314.48.48.29,	0,	0,	0,	0,	0,	0,	0
2020032314.48.53.29,	0,	0,	0,	0,	0,	0,	0
2020032314.48.58.29,	0,	0,	0,	0,	0,	0,	0
2020032314.49.03.29,	0,	0,	0,	0,	0,	0,	0
2020032314.49.08.29,	0,	0,	0,	0,	0,	0,	0
2020032314.49.13.29,	0,	0,	0,	0,	0,	0,	0
2020032314.49.18.30,	0,	0,	0,	0,	0,	0,	0
2020032314.49.23.29,	0,	0,	0,	0,	0,	0,	0
2020032314.49.28.29,	0,	0,	0,	0,	0,	0,	0
2020032314.49.33.30,	0,	0,	0,	0,	0,	0,	0
2020032314.49.38.30,	0,	0,	0,	0,	0,	0,	0
2020032314.49.43.30,	0,	0,	0,	0,	0,	0,	0
2020032314.49.48.30,	0,	0,	0,	0,	0,	0,	0
2020032314.49.53.30,	0,	0,	0,	0,	0,	0,	0
2020032314.49.58.30,	0,	0,	0,	0,	0,	0,	0
2020032314.50.03.30,	0,	0,	0,	0,	0,	0,	0
2020032314.50.08.30,	0,	0,	0,	0,	0,	0,	0
2020032314.50.13.30,	0,	0,	0,	0,	0,	0,	0
2020032314.50.18.30,	0,	0,	0,	0,	0,	0,	0
2020032314.50.23.30,	0,	0,	0,	0,	0,	0,	0
2020032314.50.28.30,	0,	0,	0,	0,	0,	0,	0
2020032314.50.33.30,	0,	0,	0,	0,	0,	0,	0
2020032314.50.38.30,	0,	0,	0,	0,	0,	0,	0
2020032314.50.43.30,	0,	0,	0,	0,	0,	0,	0
2020032314.50.48.30,	0,	0,	0,	0,	0,	0,	0
2020032314.50.53.30,	0,	0,	0,	0,	0,	0,	0
2020032314.50.58.30,	0,	0,	0,	0,	0,	0,	0
2020032314.51.03.30,	0,	0,	0,	0,	0,	0,	0
2020032314.51.08.30,	0,	0,	0,	0,	0,	0,	0
2020032314.51.13.31,	0,	0,	0,	0,	0,	0,	0
2020032314.51.18.30,	0,	0,	0,	0,	0,	0,	0
2020032314.51.23.30,	0,	0,	0,	0,	0,	0,	0
2020032314.51.28.31,	0,	0,	0,	0,	0,	0,	0
2020032314.51.33.31,	0,	0,	0,	0,	0,	0,	0
2020032314.51.38.31,	0,	0,	0,	0,	0,	0,	0
2020032314.51.43.31,	0,	0,	0,	0,	0,	0,	0
2020032314.51.48.31,	1,	1,	1,	1,	1,	1,	1
2020032314.51.53.31,	1,	1,	1,	1,	1,	1,	1
2020032314.51.58.31,	1,	1,	1,	1,	1,	1,	1
2020032314.52.03.31,	1,	1,	1,	1,	1,	1,	1
2020032314.52.08.31,	1,	1,	1,	1,	1,	1,	1
2020032314.52.13.31,	1,	1,	1,	1,	1,	1,	1
2020032314.52.18.31,	1,	1,	1,	1,	1,	1,	1
2020032314.52.23.31,	1,	1,	1,	1,	1,	1,	1
2020032314.52.28.31,	1,	1,	1,	1,	1,	1,	1
2020032314.52.33.31,	1,	1,	1,	1,	1,	1,	1
2020032314.52.38.31,	1,	1,	1,	1,	1,	1,	1
2020032314.52.43.31,	1,	1,	1,	1,	1,	1,	1
2020032314.52.48.31,	0,	0,	0,	1,	0,	0,	0
2020032314.52.53.31,	0,	0,	0,	0,	0,	0,	0
2020032314.52.58.31,	0,	0,	0,	0,	0,	0,	0
2020032314.53.03.31,	0,	0,	0,	0,	0,	0,	0
2020032314.53.08.31,	0,	0,	0,	0,	0,	0,	0
2020032314.53.13.31,	0,	0,	0,	0,	0,	0,	0
2020032314.53.18.31,	0,	0,	0,	0,	0,	0,	0
2020032314.53.23.31,	0,	0,	0,	0,	0,	0,	0
2020032314.53.28.32,	0,	0,	0,	0,	0,	0,	0
2020032314.53.33.32,	1,	1,	1,	1,	1,	1,	1
2020032314.53.38.32,	1,	1,	1,	1,	1,	1,	1
2020032314.53.43.32,	1,	1,	1,	1,	1,	1,	1
2020032314.53.48.32,	1,	1,	1,	1,	1,	1,	1
2020032314.53.53.32,	1,	1,	1,	1,	1,	1,	1
2020032314.53.58.32,	1,	1,	1,	1,	1,	1,	1
2020032314.54.03.32,	1,	1,	1,	1,	1,	1,	1
2020032314.54.08.32,	1,	1,	1,	1,	1,	1,	1
2020032314.54.13.32,	1,	1,	1,	1,	1,	1,	1
2020032314.54.18.33,	1,	1,	1,	1,	1,	1,	1
2020032314.54.23.33,	1,	1,	1,	1,	0,	1,	1
2020032314.54.28.33,	1,	1,	1,	1,	0,	1,	1
2020032314.54.33.33,	0,	0,	0,	0,	0,	0,	0
2020032314.54.38.33,	0,	0,	0,	0,	0,	0,	0
2020032314.54.43.33,	0,	0,	0,	0,	0,	0,	0
2020032314.54.48.33,	1,	1,	1,	1,	1,	1,	1
2020032314.54.53.33,	1,	1,	1,	1,	1,	1,	1
2020032314.54.58.33,	1,	1,	1,	1,	1,	1,	1
2020032314.55.03.33,	1,	1,	1,	1,	1,	1,	1
2020032314.55.08.33,	1,	1,	1,	1,	1,	1,	1
2020032314.55.13.33,	1,	1,	1,	1,	1,	1,	1
2020032314.55.18.33,	1,	1,	1,	1,	1,	1,	1
2020032314.55.23.33,	1,	1,	1,	1,	1,	1,	1
2020032314.55.28.33,	1,	1,	1,	1,	1,	1,	1
2020032314.55.33.33,	1,	1,	1,	1,	1,	1,	1
2020032314.55.38.33,	1,	1,	1,	1,	1,	1,	1
2020032314.55.43.33,	1,	1,	1,	1,	1,	1,	1
2020032314.55.48.33,	1,	1,	1,	1,	1,	1,	1
2020032314.55.53.33,	1,	1,	1,	1,	1,	1,	1
2020032314.55.58.33,	1,	1,	1,	1,	1,	1,	1
2020032314.56.03.33,	1,	1,	1,	1,	1,	1,	1
2020032314.56.08.33,	1,	1,	1,	1,	0,	1,	1
2020032314.56.13.33,	1,	1,	1,	1,	1,	1,	1
2020032314.56.18.33,	1,	1,	1,	1,	1,	1,	1
2020032314.56.23.33,	1,	1,	1,	1,	1,	1,	1
2020032314.56.28.33,	1,	1,	1,	1,	1,	1,	1
2020032314.56.33.33,	1,	1,	1,	1,	1,	1,	1
2020032314.56.38.33,	1,	1,	1,	1,	1,	1,	1
2020032314.56.43.33,	1,	1,	1,	1,	1,	1,	1
2020032314.56.48.33,	1,	1,	1,	1,	1,	1,	1
2020032314.56.53.33,	1,	1,	1,	1,	1,	1,	1
2020032314.56.58.33,	1,	1,	1,	1,	1,	1,	1
2020032314.57.03.34,	1,	1,	1,	1,	1,	1,	1
2020032314.57.08.34,	1,	1,	1,	1,	1,	1,	1
2020032314.57.13.34,	0,	1,	0,	1,	0,	1,	0
2020032314.57.18.34,	0,	0,	0,	0,	0,	0,	0
2020032314.57.23.34,	0,	0,	0,	0,	0,	0,	0
2020032314.57.28.34,	0,	0,	0,	0,	0,	0,	0
2020032314.57.33.34,	0,	0,	0,	0,	0,	0,	0
2020032314.57.38.34,	0,	0,	0,	1,	0,	0,	0
2020032314.57.43.34,	0,	0,	0,	1,	0,	0,	0
2020032314.57.48.34,	1,	1,	0,	1,	1,	0,	1
2020032314.57.53.34,	1,	1,	1,	1,	1,	1,	1
2020032314.57.58.34,	1,	1,	1,	1,	1,	1,	1
2020032314.58.03.34,	1,	1,	1,	1,	1,	1,	1
2020032314.58.08.34,	1,	1,	1,	1,	1,	1,	1
2020032314.58.13.34,	1,	1,	1,	1,	1,	1,	1
2020032314.58.18.34,	1,	1,	1,	1,	1,	1,	1
2020032314.58.23.34,	1,	1,	1,	1,	1,	1,	1
2020032314.58.28.34,	1,	1,	1,	1,	1,	1,	1
2020032314.58.33.34,	1,	1,	1,	1,	1,	1,	1
2020032314.58.38.34,	1,	1,	1,	1,	1,	1,	1
2020032314.58.43.34,	1,	1,	1,	1,	1,	1,	1
2020032314.58.48.34,	1,	1,	1,	1,	1,	1,	1
2020032314.58.53.34,	1,	1,	1,	1,	1,	1,	1
2020032314.58.58.34,	1,	1,	1,	1,	1,	1,	1
2020032314.59.03.34,	1,	1,	1,	1,	1,	1,	1
2020032314.59.08.34,	1,	1,	1,	1,	1,	1,	1
2020032314.59.13.34,	1,	1,	1,	1,	1,	1,	1
2020032314.59.18.35,	1,	1,	1,	1,	1,	1,	1
2020032314.59.23.35,	1,	1,	1,	1,	1,	1,	1
2020032314.59.28.35,	1,	1,	1,	1,	1,	1,	1
2020032314.59.33.35,	1,	1,	1,	1,	1,	1,	1
2020032314.59.38.35,	1,	1,	1,	1,	1,	1,	1
2020032314.59.43.35,	1,	1,	1,	1,	1,	1,	1
2020032314.59.48.35,	1,	1,	1,	1,	1,	1,	1
2020032314.59.53.35,	1,	1,	1,	1,	1,	1,	1
2020032314.59.58.35,	1,	1,	1,	1,	1,	1,	1
2020032315.00.03.35,	1,	1,	1,	1,	0,	1,	1
2020032315.00.08.35,	1,	1,	0,	1,	0,	1,	0
2020032315.00.13.35,	1,	1,	0,	0,	0,	1,	0
2020032315.00.18.35,	1,	1,	0,	0,	0,	1,	0
2020032315.00.23.35,	1,	1,	0,	0,	0,	1,	0
2020032315.00.28.35,	1,	1,	0,	0,	0,	1,	0
2020032315.00.33.35,	1,	1,	0,	0,	0,	1,	0
2020032315.00.38.35,	1,	1,	0,	0,	0,	1,	0
2020032315.00.43.35,	0,	0,	0,	0,	0,	0,	0
2020032315.00.48.35,	1,	1,	1,	1,	1,	1,	1
2020032315.00.53.35,	1,	1,	1,	1,	1,	1,	1
2020032315.00.58.36,	1,	1,	1,	1,	1,	1,	1
2020032315.01.03.36,	1,	1,	1,	1,	1,	1,	1
2020032315.01.08.36,	1,	1,	1,	1,	1,	1,	1
2020032315.01.13.36,	1,	1,	1,	1,	1,	1,	1
2020032315.01.18.36,	1,	1,	1,	1,	1,	1,	1
2020032315.01.23.36,	1,	1,	1,	1,	1,	1,	1
2020032315.01.28.36,	1,	1,	1,	1,	1,	1,	1
2020032315.01.33.36,	1,	1,	1,	1,	1,	1,	1
2020032315.01.38.36,	1,	1,	1,	1,	1,	1,	1
2020032315.01.43.36,	1,	1,	1,	1,	1,	1,	1
2020032315.01.48.36,	1,	1,	1,	1,	1,	1,	1
2020032315.01.53.36,	1,	1,	1,	1,	1,	1,	1
2020032315.01.58.36,	1,	1,	1,	1,	1,	1,	1
2020032315.02.03.36,	1,	1,	1,	1,	1,	1,	1
2020032315.02.08.36,	1,	1,	1,	1,	1,	1,	1
2020032315.02.13.36,	1,	1,	1,	1,	1,	1,	1
2020032315.02.18.36,	1,	1,	1,	1,	1,	1,	1
2020032315.02.23.36,	1,	1,	1,	1,	1,	1,	1
2020032315.02.28.36,	1,	1,	1,	1,	1,	1,	1
2020032315.02.33.36,	1,	1,	1,	1,	0,	1,	1
2020032315.02.38.36,	1,	1,	1,	1,	0,	0,	1
2020032315.02.43.36,	0,	0,	0,	0,	0,	0,	0
2020032315.02.48.36,	0,	0,	0,	0,	0,	0,	0
2020032315.02.53.36,	0,	0,	0,	0,	0,	0,	0
2020032315.02.58.36,	0,	0,	0,	0,	0,	0,	0
2020032315.03.03.36,	0,	0,	0,	0,	0,	0,	0
2020032315.03.08.36,	0,	0,	0,	0,	0,	0,	0
2020032315.03.13.36,	0,	0,	0,	0,	0,	0,	0
2020032315.03.18.36,	0,	0,	0,	0,	0,	0,	0
2020032315.03.23.36,	0,	0,	0,	0,	0,	0,	0
2020032315.03.28.36,	0,	0,	0,	0,	0,	1,	0
2020032315.03.33.36,	0,	0,	0,	0,	0,	1,	0
2020032315.03.38.36,	0,	0,	0,	1,	0,	1,	0
2020032315.03.43.36,	0,	0,	0,	1,	0,	1,	0
2020032315.03.48.36,	0,	0,	0,	1,	0,	1,	0
2020032315.03.53.36,	1,	1,	1,	1,	1,	1,	1
2020032315.03.58.36,	1,	1,	1,	1,	1,	1,	1
2020032315.04.03.37,	1,	1,	1,	1,	1,	1,	1
2020032315.04.08.37,	1,	1,	1,	1,	1,	1,	1
2020032315.04.13.37,	1,	1,	1,	1,	1,	1,	1
2020032315.04.18.37,	1,	1,	1,	1,	1,	1,	1
2020032315.04.23.37,	1,	1,	1,	1,	1,	1,	1
2020032315.04.28.37,	1,	1,	1,	1,	1,	1,	1
2020032315.04.33.37,	1,	1,	1,	1,	1,	1,	1
2020032315.04.38.37,	1,	1,	1,	1,	1,	1,	1
2020032315.04.43.37,	1,	1,	1,	1,	1,	1,	1
2020032315.04.48.37,	1,	1,	1,	1,	1,	1,	1
2020032315.04.53.37,	1,	1,	1,	1,	1,	1,	1
2020032315.04.58.37,	1,	1,	1,	1,	0,	1,	1
2020032315.05.03.37,	0,	0,	0,	0,	0,	0,	0
2020032315.05.08.37,	0,	0,	0,	0,	0,	0,	0
2020032315.05.13.37,	0,	0,	0,	0,	0,	0,	0
2020032315.05.18.37,	0,	0,	0,	0,	0,	0,	0
2020032315.05.23.37,	0,	0,	0,	0,	0,	0,	0
2020032315.05.28.37,	0,	0,	0,	0,	0,	0,	0
2020032315.05.33.37,	0,	0,	0,	0,	0,	0,	0
2020032315.05.38.37,	1,	1,	1,	1,	0,	0,	0
2020032315.05.43.37,	1,	1,	1,	1,	1,	1,	1
2020032315.05.48.37,	1,	1,	1,	1,	1,	1,	1
2020032315.05.53.37,	1,	1,	1,	1,	1,	1,	1
2020032315.05.58.37,	1,	1,	1,	1,	1,	1,	1
2020032315.06.03.37,	1,	1,	1,	1,	1,	1,	1
2020032315.06.08.37,	1,	1,	1,	1,	1,	1,	1
2020032315.06.13.37,	1,	1,	1,	1,	1,	1,	1
2020032315.06.18.37,	1,	1,	1,	1,	1,	1,	1
2020032315.06.23.37,	1,	1,	1,	1,	1,	1,	1
2020032315.06.28.37,	1,	1,	1,	1,	1,	1,	1
2020032315.06.33.38,	1,	1,	1,	1,	1,	1,	1
2020032315.06.38.38,	0,	1,	0,	1,	0,	0,	0
2020032315.06.43.38,	0,	0,	0,	0,	0,	0,	0
2020032315.06.48.38,	0,	0,	0,	0,	0,	0,	0
2020032315.06.53.38,	0,	0,	0,	0,	0,	0,	0
2020032315.06.58.38,	0,	0,	0,	0,	0,	0,	0
2020032315.07.03.38,	0,	0,	0,	0,	0,	0,	0
2020032315.07.08.38,	0,	0,	0,	0,	0,	0,	0
2020032315.07.13.38,	0,	0,	0,	1,	0,	0,	0
2020032315.07.18.38,	0,	0,	0,	1,	1,	1,	0
2020032315.07.23.38,	1,	1,	1,	1,	1,	1,	1
2020032315.07.28.38,	1,	1,	1,	1,	1,	1,	1
2020032315.07.33.38,	1,	1,	1,	1,	1,	1,	1
2020032315.07.38.38,	1,	1,	1,	1,	1,	1,	1
2020032315.07.43.38,	1,	1,	1,	1,	1,	1,	1
2020032315.07.48.38,	1,	1,	1,	1,	1,	1,	1
2020032315.07.53.38,	1,	1,	1,	1,	1,	1,	1
2020032315.07.58.39,	1,	1,	1,	1,	1,	1,	1
2020032315.08.03.39,	1,	1,	1,	1,	1,	1,	1
2020032315.08.08.39,	1,	1,	1,	1,	1,	1,	1
2020032315.08.13.39,	1,	1,	1,	1,	0,	1,	1
2020032315.08.18.39,	0,	0,	0,	1,	0,	1,	0
2020032315.08.23.39,	0,	0,	0,	0,	0,	0,	0
2020032315.08.28.39,	0,	0,	0,	0,	0,	0,	0
2020032315.08.33.39,	0,	0,	0,	0,	0,	0,	0
2020032315.08.38.39,	0,	0,	0,	0,	0,	0,	0
2020032315.08.43.39,	0,	0,	0,	0,	0,	0,	0
2020032315.08.48.39,	0,	0,	0,	0,	0,	0,	0
2020032315.08.53.39,	0,	0,	0,	0,	0,	0,	0
2020032315.08.58.39,	0,	0,	0,	0,	0,	0,	0
2020032315.09.03.39,	0,	0,	0,	0,	0,	0,	0
2020032315.09.08.39,	0,	0,	0,	0,	0,	0,	0
2020032315.09.13.40,	0,	0,	0,	0,	0,	0,	0
2020032315.09.18.40,	0,	0,	0,	0,	0,	0,	0
2020032315.09.23.40,	0,	0,	0,	0,	0,	0,	0
2020032315.09.28.40,	0,	0,	0,	0,	0,	0,	0
2020032315.09.33.40,	0,	0,	0,	0,	0,	0,	0
2020032315.09.38.40,	0,	0,	0,	0,	0,	0,	0
2020032315.09.43.40,	0,	0,	0,	0,	0,	0,	0
2020032315.09.48.40,	0,	0,	0,	0,	0,	0,	0
2020032315.09.53.40,	0,	0,	0,	0,	0,	0,	0
2020032315.09.58.40,	0,	0,	0,	0,	0,	0,	0
2020032315.10.03.40,	0,	0,	0,	0,	0,	0,	0
2020032315.10.08.40,	0,	0,	0,	0,	0,	0,	0
2020032315.10.13.40,	0,	0,	0,	0,	0,	0,	0
2020032315.10.18.40,	0,	0,	0,	0,	0,	0,	0
2020032315.10.23.40,	0,	0,	0,	1,	0,	0,	0
2020032315.10.28.40,	1,	1,	1,	1,	1,	1,	1
2020032315.10.33.40,	1,	1,	1,	1,	1,	1,	1
2020032315.10.38.40,	1,	1,	1,	1,	1,	1,	1
2020032315.10.43.40,	1,	1,	1,	1,	1,	1,	1
2020032315.10.48.40,	1,	1,	1,	1,	1,	1,	1
2020032315.10.53.41,	1,	1,	1,	1,	1,	1,	1
2020032315.10.58.41,	1,	1,	1,	1,	1,	1,	1
2020032315.11.03.41,	1,	1,	1,	1,	1,	1,	1
2020032315.11.08.41,	1,	1,	1,	1,	1,	1,	1
2020032315.11.13.41,	1,	1,	1,	1,	1,	1,	1
2020032315.11.18.41,	1,	1,	1,	1,	0,	1,	1
2020032315.11.23.40,	1,	0,	1,	1,	0,	1,	0
2020032315.11.28.40,	0,	0,	0,	1,	0,	0,	0
2020032315.11.33.40,	0,	0,	0,	1,	0,	0,	0
2020032315.11.38.40,	0,	0,	0,	1,	0,	0,	0
2020032315.11.43.40,	0,	0,	0,	1,	0,	0,	0
2020032315.11.48.40,	0,	0,	0,	1,	0,	0,	0
2020032315.11.53.40,	0,	0,	0,	1,	0,	0,	0
2020032315.11.58.41,	0,	0,	0,	0,	0,	0,	0
2020032315.12.03.41,	0,	0,	0,	0,	0,	0,	0
2020032315.12.08.41,	0,	0,	0,	0,	0,	0,	0
2020032315.12.13.41,	0,	0,	0,	0,	0,	0,	0
2020032315.12.18.41,	0,	0,	0,	0,	0,	0,	0
2020032315.12.23.41,	0,	0,	0,	0,	0,	0,	0
2020032315.12.28.41,	0,	0,	0,	0,	0,	0,	0
2020032315.12.33.41,	0,	0,	0,	0,	0,	0,	0
2020032315.12.38.41,	0,	0,	0,	0,	0,	0,	0
2020032315.12.43.41,	0,	0,	0,	0,	0,	0,	0
2020032315.12.48.41,	0,	0,	0,	0,	0,	0,	0
2020032315.12.53.41,	0,	0,	0,	0,	0,	0,	0
2020032315.12.58.41,	0,	0,	0,	0,	0,	0,	0
2020032315.13.03.41,	1,	1,	1,	1,	1,	1,	1
2020032315.13.08.41,	1,	1,	1,	1,	1,	1,	1
2020032315.13.13.41,	1,	1,	1,	1,	1,	1,	1
2020032315.13.18.41,	1,	1,	1,	1,	1,	1,	1
2020032315.13.23.41,	1,	1,	1,	1,	1,	1,	1
2020032315.13.28.41,	1,	1,	1,	1,	1,	1,	1
2020032315.13.33.41,	1,	1,	1,	1,	1,	1,	1
2020032315.13.38.42,	1,	1,	1,	1,	1,	1,	1
2020032315.13.43.42,	1,	1,	1,	1,	1,	1,	1
2020032315.13.48.42,	1,	1,	1,	1,	1,	1,	1
2020032315.13.53.42,	1,	1,	1,	1,	0,	1,	1
2020032315.13.58.42,	1,	0,	1,	1,	0,	0,	1
2020032315.14.03.42,	0,	0,	0,	0,	0,	0,	0
2020032315.14.08.42,	0,	0,	0,	0,	0,	0,	0
2020032315.14.13.42,	0,	0,	0,	0,	0,	0,	0
2020032315.14.18.42,	0,	0,	0,	0,	0,	0,	0
2020032315.14.23.42,	0,	0,	0,	0,	0,	0,	0
2020032315.14.28.42,	0,	0,	0,	1,	0,	0,	0
2020032315.14.33.42,	0,	0,	0,	1,	0,	0,	0
2020032315.14.38.42,	0,	0,	0,	1,	0,	0,	0
2020032315.14.43.42,	0,	0,	0,	1,	0,	0,	0
2020032315.14.48.42,	0,	0,	0,	1,	0,	0,	0
2020032315.14.53.42,	0,	0,	0,	1,	0,	0,	0
2020032315.14.58.42,	0,	0,	0,	1,	0,	0,	0
2020032315.15.03.42,	1,	1,	1,	1,	1,	1,	1
2020032315.15.08.42,	1,	1,	1,	1,	1,	1,	1
2020032315.15.13.42,	1,	1,	1,	1,	1,	1,	1
2020032315.15.18.43,	1,	1,	1,	1,	1,	1,	1
2020032315.15.23.43,	1,	1,	1,	1,	1,	1,	1
2020032315.15.28.43,	1,	1,	1,	1,	1,	1,	1
2020032315.15.33.43,	1,	1,	1,	1,	1,	1,	1
2020032315.15.38.43,	1,	1,	1,	1,	1,	1,	1
2020032315.15.43.43,	1,	1,	1,	1,	1,	1,	1
2020032315.15.48.43,	1,	1,	1,	1,	1,	1,	1
2020032315.15.53.43,	1,	1,	1,	1,	1,	1,	1
2020032315.15.58.43,	1,	1,	1,	1,	1,	1,	1
2020032315.16.03.43,	1,	1,	1,	1,	1,	1,	1
2020032315.16.08.43,	1,	1,	1,	1,	1,	1,	1
2020032315.16.13.43,	1,	1,	1,	1,	1,	1,	1
2020032315.16.18.43,	1,	1,	1,	1,	1,	1,	1
2020032315.16.23.43,	1,	1,	1,	1,	1,	1,	1
2020032315.16.28.43,	1,	1,	1,	1,	1,	1,	1
2020032315.16.33.43,	1,	1,	1,	1,	1,	1,	1
2020032315.16.38.43,	1,	1,	1,	1,	1,	1,	1
2020032315.16.43.43,	1,	1,	1,	1,	1,	1,	1
2020032315.16.48.43,	1,	1,	1,	1,	1,	1,	1
2020032315.16.53.43,	1,	1,	1,	1,	1,	1,	1
2020032315.16.58.43,	1,	1,	1,	1,	1,	1,	1
2020032315.17.03.44,	1,	1,	1,	1,	1,	1,	1
2020032315.17.08.45,	1,	1,	1,	1,	1,	1,	1
2020032315.17.13.45,	1,	1,	1,	1,	0,	1,	1
2020032315.17.18.45,	0,	0,	1,	0,	0,	0,	0
2020032315.17.23.45,	0,	0,	0,	0,	0,	0,	0
2020032315.17.28.45,	0,	0,	0,	0,	0,	0,	0
2020032315.17.33.45,	0,	0,	0,	0,	0,	0,	0
2020032315.17.38.45,	0,	0,	0,	0,	0,	0,	0
2020032315.17.43.45,	0,	0,	0,	0,	0,	0,	0
2020032315.17.48.45,	0,	1,	0,	0,	1,	0,	0
2020032315.17.53.45,	1,	1,	1,	1,	1,	1,	1
2020032315.17.58.45,	1,	1,	1,	1,	1,	1,	1
2020032315.18.03.45,	1,	1,	1,	1,	1,	1,	1
2020032315.18.08.45,	1,	1,	1,	1,	1,	1,	1
2020032315.18.13.46,	1,	1,	1,	1,	1,	1,	1
2020032315.18.18.45,	1,	1,	1,	1,	1,	1,	1
2020032315.18.23.46,	1,	1,	1,	1,	1,	1,	1
2020032315.18.28.45,	1,	1,	1,	1,	1,	1,	1
2020032315.18.33.45,	1,	1,	1,	1,	1,	1,	1
2020032315.18.38.45,	1,	1,	1,	1,	1,	1,	1
2020032315.18.43.45,	1,	1,	1,	1,	1,	1,	1
2020032315.18.48.45,	0,	0,	0,	0,	0,	0,	0
2020032315.18.53.46,	0,	0,	0,	0,	0,	0,	0
2020032315.18.58.46,	0,	0,	0,	0,	0,	0,	0
2020032315.19.03.46,	0,	0,	0,	0,	0,	0,	0
2020032315.19.08.46,	0,	0,	0,	0,	0,	0,	0
2020032315.19.13.46,	0,	0,	0,	0,	0,	0,	0
2020032315.19.18.46,	1,	1,	1,	1,	1,	0,	1
2020032315.19.23.46,	1,	1,	1,	1,	1,	0,	1
2020032315.19.28.46,	1,	1,	1,	1,	1,	0,	1
2020032315.19.33.46,	1,	1,	1,	1,	1,	0,	1
2020032315.19.38.46,	1,	1,	1,	1,	1,	0,	1
2020032315.19.43.46,	1,	1,	1,	1,	1,	0,	1
2020032315.19.48.46,	1,	1,	1,	1,	1,	0,	1
2020032315.19.53.46,	1,	1,	1,	1,	1,	0,	1
2020032315.19.58.46,	1,	1,	1,	1,	1,	0,	1
2020032315.20.03.46,	1,	1,	1,	1,	1,	1,	1
2020032315.20.08.46,	1,	1,	1,	1,	1,	1,	1
2020032315.20.13.46,	1,	1,	1,	1,	1,	1,	1
2020032315.20.18.46,	1,	1,	1,	1,	1,	1,	1
2020032315.20.23.46,	1,	1,	1,	1,	1,	1,	1
2020032315.20.28.47,	1,	1,	1,	1,	1,	1,	1
2020032315.20.33.47,	1,	1,	1,	1,	1,	1,	1
2020032315.20.38.47,	1,	1,	1,	1,	1,	1,	1
2020032315.20.43.47,	1,	1,	1,	1,	1,	1,	1
2020032315.20.48.47,	1,	1,	1,	1,	1,	1,	1
2020032315.20.53.47,	1,	1,	1,	1,	1,	1,	1
2020032315.20.58.47,	1,	1,	1,	1,	0,	1,	1
2020032315.21.03.47,	0,	0,	0,	1,	0,	0,	1
2020032315.21.08.47,	0,	0,	0,	0,	0,	0,	0
2020032315.21.13.47,	0,	0,	0,	0,	0,	0,	0
2020032315.21.18.47,	0,	0,	0,	0,	0,	0,	0
2020032315.21.23.47,	0,	0,	0,	0,	0,	0,	0
2020032315.21.28.47,	0,	0,	0,	0,	0,	0,	0
2020032315.21.33.47,	0,	0,	0,	0,	0,	0,	0
2020032315.21.38.47,	0,	0,	0,	0,	0,	0,	0
2020032315.21.43.47,	0,	0,	0,	0,	0,	0,	0
2020032315.21.48.47,	0,	0,	0,	0,	0,	0,	0
2020032315.21.53.47,	0,	0,	0,	0,	0,	0,	0
2020032315.21.58.47,	0,	0,	0,	0,	0,	0,	0
2020032315.22.03.47,	0,	0,	0,	0,	0,	0,	0
2020032315.22.08.47,	0,	0,	0,	0,	0,	0,	0
2020032315.22.13.48,	0,	0,	0,	0,	0,	0,	0
2020032315.22.18.48,	0,	0,	0,	0,	0,	0,	0
2020032315.22.23.48,	0,	0,	0,	0,	0,	0,	0
2020032315.22.28.48,	0,	0,	0,	0,	0,	0,	0
2020032315.22.33.48,	0,	0,	0,	0,	0,	0,	0
2020032315.22.38.48,	0,	0,	0,	0,	0,	0,	0
2020032315.22.43.48,	0,	0,	0,	0,	0,	0,	0
2020032315.22.48.48,	0,	0,	0,	0,	0,	0,	0
2020032315.22.53.48,	0,	0,	0,	1,	0,	0,	0
2020032315.22.58.48,	0,	0,	0,	1,	0,	0,	0
2020032315.23.03.48,	0,	0,	0,	1,	0,	0,	0
2020032315.23.08.48,	0,	0,	0,	1,	0,	0,	0
2020032315.23.13.48,	0,	1,	0,	1,	1,	0,	1
2020032315.23.18.48,	1,	1,	1,	1,	1,	1,	1
2020032315.23.23.48,	1,	1,	1,	1,	1,	1,	1
2020032315.23.28.48,	1,	1,	1,	1,	1,	1,	1
2020032315.23.33.48,	1,	1,	1,	1,	1,	1,	1
2020032315.23.38.48,	1,	1,	1,	1,	1,	1,	1
2020032315.23.43.48,	1,	1,	1,	1,	1,	1,	1
2020032315.23.48.48,	1,	1,	1,	1,	1,	1,	1
2020032315.23.53.48,	1,	1,	1,	1,	1,	1,	1
2020032315.23.58.48,	1,	1,	1,	1,	1,	1,	1
2020032315.24.03.48,	1,	1,	1,	1,	1,	1,	1
2020032315.24.08.48,	1,	1,	1,	1,	1,	1,	1
2020032315.24.13.48,	0,	0,	0,	1,	0,	0,	1
2020032315.24.18.48,	0,	0,	0,	0,	0,	0,	0
2020032315.24.23.48,	0,	0,	0,	0,	0,	0,	0
2020032315.24.28.48,	0,	0,	0,	0,	0,	0,	0
2020032315.24.33.48,	0,	0,	0,	0,	0,	0,	0
2020032315.24.38.48,	0,	0,	0,	0,	0,	0,	0
2020032315.24.43.48,	0,	0,	0,	0,	0,	0,	0
2020032315.24.48.48,	0,	0,	0,	0,	0,	0,	0
2020032315.24.53.48,	0,	0,	0,	0,	0,	0,	0
2020032315.24.58.48,	0,	0,	0,	0,	0,	0,	0
2020032315.25.03.48,	0,	0,	0,	0,	0,	0,	0
2020032315.25.08.48,	0,	0,	0,	0,	0,	0,	0
2020032315.25.13.48,	1,	1,	1,	1,	1,	0,	1
2020032315.25.18.48,	1,	1,	1,	1,	1,	1,	1
2020032315.25.23.49,	1,	1,	1,	1,	1,	1,	1
2020032315.25.28.49,	1,	1,	1,	1,	1,	1,	1
2020032315.25.33.49,	1,	1,	1,	1,	1,	1,	1
2020032315.25.38.49,	1,	1,	1,	1,	1,	1,	1
2020032315.25.43.49,	1,	1,	1,	1,	1,	1,	1
2020032315.25.48.49,	1,	1,	1,	1,	1,	1,	1
2020032315.25.53.49,	1,	1,	1,	1,	1,	1,	1
2020032315.25.58.49,	1,	1,	1,	1,	1,	1,	1
2020032315.26.03.49,	1,	1,	1,	1,	1,	1,	1
2020032315.26.08.49,	1,	1,	1,	1,	1,	1,	1
2020032315.26.13.49,	1,	1,	1,	1,	1,	1,	1
2020032315.26.18.49,	1,	1,	1,	1,	1,	1,	1
2020032315.26.23.49,	1,	1,	1,	1,	1,	1,	1
2020032315.26.28.49,	1,	1,	1,	1,	1,	1,	1
2020032315.26.33.49,	1,	1,	1,	1,	1,	1,	1
2020032315.26.38.49,	1,	1,	1,	1,	1,	1,	1
2020032315.26.43.49,	1,	1,	1,	1,	1,	1,	1
2020032315.26.48.49,	1,	1,	1,	1,	1,	1,	1
2020032315.26.53.49,	1,	1,	1,	1,	1,	1,	1
2020032315.26.58.49,	1,	1,	1,	1,	1,	1,	1
2020032315.27.03.49,	1,	1,	1,	1,	1,	1,	1
2020032315.27.08.49,	1,	1,	1,	1,	1,	1,	1
2020032315.27.13.49,	1,	1,	1,	1,	1,	1,	1
2020032315.27.18.49,	1,	1,	1,	1,	1,	1,	1
2020032315.27.23.49,	1,	1,	1,	1,	1,	1,	1
2020032315.27.28.49,	1,	1,	1,	1,	1,	1,	1
2020032315.27.33.49,	1,	1,	1,	1,	1,	1,	1
2020032315.27.38.49,	1,	1,	1,	1,	1,	1,	1
2020032315.27.43.49,	1,	1,	1,	1,	1,	1,	1
2020032315.27.48.49,	1,	1,	1,	1,	1,	1,	1
2020032315.27.53.49,	1,	1,	1,	1,	1,	1,	1
2020032315.27.58.49,	1,	1,	1,	1,	1,	1,	1
2020032315.28.03.49,	1,	1,	1,	1,	1,	1,	1
2020032315.28.08.49,	1,	1,	1,	1,	1,	1,	1
2020032315.28.13.49,	1,	1,	1,	1,	1,	1,	1
2020032315.28.18.49,	1,	1,	1,	1,	0,	1,	1
2020032315.28.23.49,	1,	0,	1,	1,	0,	1,	0
2020032315.28.28.50,	1,	0,	1,	1,	0,	1,	0
2020032315.28.33.50,	1,	0,	1,	1,	0,	1,	0
2020032315.28.38.50,	0,	0,	0,	1,	0,	0,	0
2020032315.28.43.50,	0,	0,	0,	1,	0,	0,	0
2020032315.28.48.50,	0,	0,	0,	1,	0,	0,	0
2020032315.28.53.50,	0,	0,	0,	1,	0,	0,	0
2020032315.28.58.50,	0,	0,	0,	1,	0,	0,	0
2020032315.29.03.50,	0,	0,	0,	0,	0,	0,	0
2020032315.29.08.50,	0,	0,	0,	0,	0,	0,	0
2020032315.29.13.50,	0,	0,	0,	0,	0,	0,	0
2020032315.29.18.50,	0,	0,	0,	0,	0,	0,	0
2020032315.29.23.50,	0,	0,	0,	0,	0,	0,	0
2020032315.29.28.50,	0,	0,	0,	0,	0,	0,	0
2020032315.29.33.50,	0,	0,	0,	0,	0,	0,	0
2020032315.29.38.50,	0,	0,	0,	0,	0,	0,	0
2020032315.29.43.50,	0,	0,	0,	0,	0,	0,	0
2020032315.29.48.50,	0,	0,	0,	0,	0,	0,	0
2020032315.29.53.50,	0,	0,	0,	0,	0,	0,	0
2020032315.29.58.50,	0,	0,	0,	0,	0,	0,	0
2020032315.30.03.50,	0,	0,	0,	0,	0,	0,	0
2020032315.30.08.50,	0,	0,	0,	0,	0,	0,	0
2020032315.30.13.50,	0,	0,	0,	0,	0,	0,	0
2020032315.30.18.50,	0,	0,	0,	0,	0,	0,	0
2020032315.30.23.50,	1,	1,	1,	1,	0,	1,	1
2020032315.30.28.50,	1,	1,	1,	1,	1,	1,	1
2020032315.30.33.50,	1,	1,	1,	1,	1,	1,	1
2020032315.30.38.50,	1,	1,	1,	1,	1,	1,	1
2020032315.30.43.50,	1,	1,	1,	1,	1,	1,	1
2020032315.30.48.50,	1,	1,	1,	1,	1,	1,	1
2020032315.30.53.50,	1,	1,	1,	1,	1,	1,	1
2020032315.30.58.50,	1,	1,	1,	1,	1,	1,	1
2020032315.31.03.50,	1,	1,	1,	1,	1,	1,	1
2020032315.31.08.50,	1,	1,	1,	1,	1,	1,	1
2020032315.31.13.50,	1,	1,	1,	1,	1,	1,	1
2020032315.31.18.50,	1,	1,	1,	1,	0,	1,	1
2020032315.31.23.51,	0,	1,	0,	1,	0,	0,	0
2020032315.31.28.50,	0,	0,	0,	0,	0,	0,	0
2020032315.31.33.50,	0,	0,	0,	0,	0,	0,	0
2020032315.31.38.51,	0,	0,	0,	0,	0,	0,	0
2020032315.31.43.51,	0,	0,	0,	0,	0,	0,	0
2020032315.31.48.51,	0,	0,	0,	0,	0,	0,	0
2020032315.31.53.51,	0,	0,	0,	0,	0,	0,	0
2020032315.31.58.51,	0,	0,	0,	0,	0,	0,	0
2020032315.32.03.51,	0,	0,	0,	0,	0,	0,	0
2020032315.32.08.51,	0,	0,	0,	0,	0,	0,	0
2020032315.32.13.51,	0,	0,	0,	0,	0,	0,	0
2020032315.32.18.51,	0,	0,	0,	1,	0,	0,	0
2020032315.32.23.51,	1,	1,	1,	1,	1,	1,	1
2020032315.32.28.51,	1,	1,	1,	1,	1,	1,	1
2020032315.32.33.51,	1,	1,	1,	1,	1,	1,	1
2020032315.32.38.51,	1,	1,	1,	1,	1,	1,	1
2020032315.32.43.51,	1,	1,	1,	1,	1,	1,	1
2020032315.32.48.51,	1,	1,	1,	1,	1,	1,	1
2020032315.32.53.51,	1,	1,	1,	1,	1,	1,	1
2020032315.32.58.51,	1,	1,	1,	1,	1,	1,	1
2020032315.33.03.51,	1,	1,	1,	1,	1,	1,	1
2020032315.33.08.51,	1,	1,	1,	1,	1,	1,	1
2020032315.33.13.51,	1,	1,	1,	1,	1,	1,	1
2020032315.33.18.51,	1,	1,	1,	1,	1,	1,	1
2020032315.33.23.51,	1,	1,	1,	1,	1,	1,	1
2020032315.33.28.52,	1,	1,	1,	0,	0,	1,	1
2020032315.33.33.52,	0,	0,	0,	0,	0,	0,	1
2020032315.33.38.52,	0,	0,	0,	0,	0,	0,	0
2020032315.33.43.52,	0,	0,	0,	0,	0,	0,	0
2020032315.33.48.52,	0,	0,	0,	0,	0,	0,	0
2020032315.33.53.52,	0,	0,	0,	0,	0,	0,	0
2020032315.33.58.52,	0,	0,	0,	0,	0,	0,	0
2020032315.34.03.52,	0,	0,	0,	0,	0,	0,	0
2020032315.34.08.52,	0,	0,	0,	0,	0,	0,	0
2020032315.34.13.56,	0,	0,	0,	0,	0,	0,	0
2020032315.34.18.57,	0,	0,	0,	0,	0,	0,	0
2020032315.34.23.57,	0,	0,	0,	0,	0,	0,	0
2020032315.34.28.57,	0,	0,	0,	0,	0,	0,	0
2020032315.34.33.57,	0,	1,	0,	0,	1,	0,	1
2020032315.34.38.57,	0,	1,	0,	1,	1,	1,	1
2020032315.34.43.57,	0,	1,	0,	1,	1,	1,	1
2020032315.34.48.57,	0,	1,	0,	1,	1,	1,	1
2020032315.34.53.57,	0,	1,	0,	1,	1,	1,	1
2020032315.34.58.57,	0,	1,	0,	1,	1,	1,	1
2020032315.35.03.73,	0,	1,	0,	1,	1,	1,	1
2020032315.35.08.79,	0,	1,	0,	1,	1,	1,	1
2020032315.35.13.79,	0,	1,	0,	1,	1,	1,	1
2020032315.35.18.83,	0,	1,	0,	1,	1,	1,	1
2020032315.35.23.83,	0,	1,	0,	1,	1,	1,	1
2020032315.35.28.90,	0,	1,	0,	1,	0,	1,	1
2020032315.35.34.05,	0,	0,	0,	0,	0,	0,	0
2020032315.35.39.07,	0,	0,	0,	0,	0,	0,	0
2020032315.35.44.09,	0,	0,	0,	0,	0,	0,	0
2020032315.35.49.12,	0,	0,	0,	0,	0,	0,	0
2020032315.35.54.12,	0,	0,	0,	0,	0,	0,	0
2020032315.35.59.12,	0,	0,	0,	0,	0,	0,	0
2020032315.36.04.12,	0,	0,	0,	0,	0,	0,	0
2020032315.36.09.12,	0,	1,	0,	0,	1,	0,	0
2020032315.36.14.12,	0,	1,	0,	1,	1,	1,	0
2020032315.36.19.12,	0,	1,	0,	1,	1,	1,	0
2020032315.36.24.12,	0,	1,	0,	1,	1,	1,	0
2020032315.36.29.12,	0,	1,	0,	1,	1,	1,	0
2020032315.36.34.12,	0,	1,	0,	1,	1,	1,	0
2020032315.36.39.12,	0,	1,	0,	1,	1,	1,	0
2020032315.36.44.12,	0,	1,	0,	1,	1,	1,	0
2020032315.36.49.12,	0,	1,	0,	1,	1,	1,	0
2020032315.36.54.12,	0,	1,	0,	1,	1,	1,	0
2020032315.36.59.12,	0,	1,	0,	1,	1,	1,	0
2020032315.37.04.12,	0,	1,	0,	1,	0,	1,	0
2020032315.37.09.12,	0,	0,	0,	1,	0,	0,	0
2020032315.37.14.12,	0,	0,	0,	0,	0,	0,	0
2020032315.37.19.13,	0,	0,	0,	0,	0,	0,	0
2020032315.37.24.13,	0,	0,	0,	0,	0,	0,	0
2020032315.37.29.13,	0,	0,	0,	0,	0,	0,	0
2020032315.37.34.13,	0,	0,	0,	0,	0,	0,	0
2020032315.37.39.13,	0,	0,	0,	0,	0,	0,	0
2020032315.37.44.13,	0,	0,	0,	0,	0,	0,	0
2020032315.37.49.13,	0,	0,	0,	0,	0,	0,	0
2020032315.37.54.13,	0,	0,	0,	0,	0,	0,	0
2020032315.37.59.13,	0,	0,	0,	0,	0,	0,	0
2020032315.38.04.13,	0,	0,	0,	0,	0,	0,	0
2020032315.38.09.13,	0,	0,	0,	0,	0,	0,	0
2020032315.38.14.13,	0,	0,	0,	0,	0,	0,	0
2020032315.38.19.13,	0,	0,	0,	0,	0,	0,	0
2020032315.38.24.13,	0,	0,	0,	0,	0,	0,	0
2020032315.38.29.13,	0,	0,	0,	0,	0,	0,	0
2020032315.38.34.13,	0,	0,	0,	0,	0,	0,	0
2020032315.38.39.13,	0,	0,	0,	0,	0,	0,	0
2020032315.38.44.13,	0,	0,	0,	0,	0,	0,	0
2020032315.38.49.13,	0,	0,	0,	0,	0,	0,	0
2020032315.38.54.14,	0,	0,	0,	0,	0,	0,	0
2020032315.38.59.14,	0,	0,	0,	0,	0,	0,	0
2020032315.39.04.14,	0,	0,	0,	0,	0,	0,	0
2020032315.39.09.14,	0,	0,	0,	0,	0,	0,	0
2020032315.39.14.14,	0,	0,	0,	0,	0,	0,	0
2020032315.39.19.14,	0,	0,	0,	0,	0,	0,	0
2020032315.39.24.14,	0,	0,	0,	0,	0,	0,	0
2020032315.39.29.14,	0,	0,	0,	0,	0,	0,	0
2020032315.39.34.14,	0,	0,	0,	0,	0,	0,	0
2020032315.39.39.14,	0,	0,	0,	0,	0,	0,	0
2020032315.39.44.14,	0,	0,	0,	0,	0,	0,	0
2020032315.39.49.14,	0,	0,	0,	0,	0,	0,	0
2020032315.39.54.14,	0,	0,	0,	0,	0,	0,	0
2020032315.39.59.14,	0,	0,	0,	0,	0,	0,	0
2020032315.40.04.14,	0,	0,	0,	0,	0,	0,	0
2020032315.40.09.14,	0,	0,	0,	0,	0,	0,	0
2020032315.40.14.14,	0,	0,	0,	0,	0,	0,	0
2020032315.40.19.14,	0,	0,	0,	0,	0,	0,	0
2020032315.40.24.14,	0,	0,	0,	0,	0,	0,	0
2020032315.40.29.14,	0,	0,	0,	0,	0,	0,	0
2020032315.40.34.14,	0,	0,	0,	0,	0,	0,	0
2020032315.40.39.14,	0,	0,	0,	0,	0,	0,	0
2020032315.40.44.14,	0,	0,	0,	0,	0,	0,	0
2020032315.40.49.14,	0,	0,	0,	0,	0,	0,	0
2020032315.40.54.14,	0,	0,	0,	0,	0,	0,	0
2020032315.40.59.14,	0,	0,	0,	0,	0,	0,	0
2020032315.41.04.14,	0,	0,	0,	0,	0,	0,	0
2020032315.41.09.14,	0,	0,	0,	0,	0,	0,	0
2020032315.41.14.14,	0,	0,	0,	0,	0,	0,	0
2020032315.41.19.15,	0,	0,	0,	0,	0,	0,	0
2020032315.41.24.15,	0,	0,	0,	0,	0,	0,	0
2020032315.41.29.15,	1,	1,	1,	1,	1,	1,	1
2020032315.41.34.15,	1,	1,	1,	1,	1,	1,	1
2020032315.41.39.15,	1,	1,	1,	1,	1,	1,	1
2020032315.41.44.15,	1,	1,	1,	1,	1,	1,	1
2020032315.41.49.15,	1,	1,	1,	1,	1,	1,	1
2020032315.41.54.15,	1,	1,	1,	1,	1,	1,	1
2020032315.41.59.15,	1,	1,	1,	1,	1,	1,	1
2020032315.42.04.15,	1,	1,	1,	1,	1,	1,	1
2020032315.42.09.15,	1,	1,	1,	1,	1,	1,	1
2020032315.42.14.15,	1,	1,	1,	1,	1,	1,	1
2020032315.42.19.15,	1,	1,	1,	1,	1,	1,	1
2020032315.42.24.15,	1,	1,	1,	1,	0,	1,	1
2020032315.42.29.15,	0,	0,	0,	0,	0,	0,	0
2020032315.42.34.15,	0,	0,	0,	0,	0,	0,	0
2020032315.42.39.15,	0,	0,	0,	0,	0,	0,	0
2020032315.42.44.15,	1,	1,	1,	1,	1,	0,	1
2020032315.42.49.15,	1,	1,	1,	1,	1,	1,	1
2020032315.42.54.15,	1,	1,	1,	1,	1,	1,	1
2020032315.42.59.15,	1,	1,	1,	1,	1,	1,	1
2020032315.43.04.15,	1,	1,	1,	1,	1,	1,	1
2020032315.43.09.15,	1,	1,	1,	1,	1,	1,	1
2020032315.43.14.15,	1,	1,	1,	1,	1,	1,	1
2020032315.43.19.16,	1,	1,	1,	1,	1,	1,	1
2020032315.43.24.16,	1,	1,	1,	1,	1,	1,	1
2020032315.43.29.16,	1,	1,	1,	1,	1,	1,	1
2020032315.43.34.16,	1,	1,	1,	1,	1,	1,	1
2020032315.43.39.16,	1,	1,	1,	1,	1,	1,	1
2020032315.43.44.16,	1,	1,	1,	1,	1,	1,	1
2020032315.43.49.16,	1,	1,	1,	1,	1,	1,	1
2020032315.43.54.16,	1,	1,	1,	1,	1,	1,	1
2020032315.43.59.16,	1,	1,	1,	1,	1,	1,	1
2020032315.44.04.16,	1,	1,	1,	1,	1,	1,	1
2020032315.44.09.16,	1,	1,	1,	1,	1,	1,	1
2020032315.44.14.17,	1,	1,	1,	1,	1,	1,	1
2020032315.44.19.17,	1,	1,	1,	1,	1,	1,	1
2020032315.44.24.17,	1,	1,	1,	1,	1,	1,	1
2020032315.44.29.17,	1,	1,	1,	1,	1,	1,	1
2020032315.44.34.17,	1,	1,	1,	1,	1,	1,	1
2020032315.44.39.17,	1,	1,	1,	1,	1,	1,	1
2020032315.44.44.17,	1,	1,	1,	1,	1,	1,	1
2020032315.44.49.17,	1,	1,	1,	1,	0,	1,	1
2020032315.44.54.17,	1,	1,	1,	1,	0,	0,	1
2020032315.44.59.17,	1,	1,	1,	1,	0,	0,	1
2020032315.45.04.17,	1,	1,	1,	1,	0,	0,	1
2020032315.45.09.17,	1,	1,	1,	1,	0,	0,	1
2020032315.45.14.17,	1,	1,	1,	1,	0,	0,	1
2020032315.45.19.17,	1,	1,	1,	1,	0,	0,	1
2020032315.45.24.17,	1,	1,	1,	1,	0,	0,	1
2020032315.45.29.21,	1,	1,	1,	1,	0,	0,	1
2020032315.45.34.21,	1,	1,	1,	1,	0,	0,	1
2020032315.45.39.21,	1,	1,	1,	1,	0,	0,	1
2020032315.45.44.21,	0,	0,	0,	1,	0,	0,	0
2020032315.45.49.21,	0,	0,	0,	1,	0,	0,	0
2020032315.45.54.22,	0,	0,	0,	1,	0,	0,	0
2020032315.45.59.22,	0,	0,	0,	1,	0,	0,	0
2020032315.46.04.22,	0,	0,	0,	1,	0,	0,	0
2020032315.46.09.22,	0,	0,	0,	1,	0,	0,	0
